Alk,SO4,Na,Mg,Ca,Si
329,13.6997808,153.00612,84.73608,118.2156,325.9776
329,12.8997936,152.206088,83.15592,120.7096,328.9728
328,12.2998032,160.406416,82.26708,116.7192,286.34112
330,11.499816,160.0064,85.62492,114.724,336.96
322,12.8997936,152.606104,85.62492,116.2204,331.66848
165,60.3990336,98.303932,64.194,74.82,213.85728
167,60.3990336,98.303932,60.93492,74.82,171.7248
167,60.3990336,99.103964,64.98408,76.8152,217.35168
176,54.1991328,110.0044,65.87292,77.8128,239.41632
240,19.7996832,125.705028,60.04608,77.314,301.21728
197,35.7994272,117.804712,58.46592,73.8224,272.86272
261,15.999744,134.805392,71.601,107.242,314.496
271,17.6997168,134.305372,69.92208,140.6616,306.20928
216,25.3995936,128.305132,64.98408,89.2852,279.552
178,36.499416,113.00452,58.46592,80.3068,244.608
198,29.3995296,121.704868,64.194,89.784,261.28128
182,33.6994608,115.204608,59.256,80.3068,249.6
178,36.499416,102.204088,56.787,77.314,249.6
210,25.5995904,121.704868,66.663,84.796,259.584
220,24.1996128,113.904556,54.318,75.3188,279.552
215,25.3995936,111.304452,58.46592,80.3068,274.56
180,37.2994032,102.204088,53.52792,70.3308,246.30528
163,40.7993472,100.404016,58.46592,75.8176,224.64
155,48.2992272,94.803792,62.51508,79.808,199.68
98,68.2989072,72.602904,52.63908,74.82,146.46528
84,72.0988464,65.202608,49.38,85.7936,134.784
106,68.498904,75.703028,51.05892,75.3188,159.744
138,54.5991264,93.00372,55.10808,80.8056,199.68
183,33.0994704,121.304852,59.256,94.2732,236.32128
237,18.499704,117.404696,66.663,100.7576,289.536
231,19.99968,125.705028,65.87292,92.7768,296.22528
240,19.99968,124.804992,64.98408,93.2756,294.528
259,17.6997168,131.705268,70.81092,105.7456,304.512
242,17.49972,130.405216,70.81092,106.2444,306.20928
51,79.1987328,78.303132,48.58992,57.362,133.08672
44,81.1987008,73.902956,46.911,54.868,128.09472
43,81.1987008,73.902956,47.70108,60.8536,123.10272
57,83.2986672,73.902956,48.58992,59.3572,123.10272
64,87.4986,73.902956,46.911,58.8584,123.10272
49,77.0987664,78.303132,46.12092,54.3692,123.10272
44,87.4986,78.303132,46.12092,54.3692,123.10272
32,87.4986,78.303132,45.23208,53.3716,118.11072
26.2,87.4986,60.902436,42.76308,51.3764,103.13472
33,83.2986672,60.902436,43.65192,52.8728,101.53728
32,81.1987008,65.202608,43.65192,52.374,103.13472
37,83.2986672,73.902956,42.76308,74.3212,103.13472
68,77.0987664,67.402696,37.82508,68.8344,141.47328
58,70.7988672,73.902956,46.911,77.314,161.44128
98,62.499,78.303132,49.38,72.326,179.712
113,60.7990272,82.603304,51.05892,55.3668,189.696
119,57.2990832,69.602784,50.17008,58.3596,196.38528
129,54.3991296,73.902956,50.17008,57.8608,206.36928
131,55.5991104,84.803392,52.63908,57.362,211.36128
137,48.6992208,82.603304,51.849,55.3668,217.95072
138,48.0992304,84.803392,51.05892,52.374,217.95072
135,47.0992464,69.602784,51.05892,51.3764,221.34528
134,46.8992496,87.00348,51.05892,48.8824,217.95072
139,46.2992592,78.303132,51.05892,47.8848,186.40128
147,45.1992768,78.303132,49.38,78.3116,221.34528
154,42.49932,73.902956,50.203,78.3116,226.33728
152,41.2993392,84.803392,51.849,82.302,232.92672
162.2,39.7993632,69.602784,49.38,80.8056,231.32928
170,42.2993232,80.403216,49.38,79.3092,226.33728
37,83.0986704,46.101844,40.29408,68.3356,103.13472
43,79.3987296,50.002,41.973,70.3308,113.11872
53,73.6988208,57.402296,42.76308,69.3332,123.10272
55,77.49876,52.202088,42.76308,65.3428,126.49728
137,42.0993264,100.004,47.70108,77.8128,211.36128
199,31.8994896,113.00452,55.10808,87.29,239.616
224,24.3996096,121.704868,60.93492,90.2828,272.86272
223,29.1995328,130.405216,63.40392,96.2684,274.56
241,28.0995504,156.50626,66.663,110.7336,301.21728
257,2.2999632,138.305532,72.39108,88.7864,322.78272
275,1.6999728,138.305532,74.86008,98.2636,347.74272
253,3.2999472,126.50506,69.132,89.784,319.488
220,6.1999008,114.304572,61.725,78.3116,289.536
156,12.8997936,95.203808,46.911,62.35,246.30528
138,19.5996864,110.0044,39.504,46.3884,199.68
143,33.499464,77.803112,48.58992,62.8488,214.656
71,77.6987568,58.702348,74.86008,114.724,176.41728
87,61.6990128,59.602384,46.12092,60.3548,141.47328
101,58.6990608,70.0028,47.70108,57.8608,161.44128
71,74.1988128,53.902156,47.70108,64.844,128.09472
44,85.5986304,46.101844,45.23208,64.3452,114.816
96,76.498776,47.801912,44.442,117.7168,93.15072
68,72.2988432,53.902156,44.442,63.8464,119.808
82,68.6989008,59.602384,46.12092,63.8464,133.08672
102,62.499,67.402696,48.58992,67.338,156.44928
262,20.999664,123.904956,66.663,93.7744,309.504
258,19.5996864,124.304972,68.34192,91.7792,314.496
302,12.8997936,133.50534,79.008,105.2468,336.16128
282,13.2997872,132.205288,76.539,94.2732,331.16928
301,10.5998304,135.705428,78.21792,99.2612,344.448
313,12.6997968,148.305932,81.477,148.6424,346.14528
304,10.999824,159.106364,81.477,111.2324,361.12128
311,10.5998304,159.606384,79.79808,112.23,354.432
319.5,9.7998432,197.807912,88.884,154.628,386.08128
330,9.3998496,154.306172,88.884,152.134,376.09728
337,10.3998336,152.206088,94.61208,151.1364,397.66272
338,9.1998528,160.906436,92.14308,164.604,392.67072
292,12.0998064,156.50626,90.56292,152.6328,387.67872
283,23.0996304,147.805912,97.96992,162.11,382.68672
220,49.5992064,170.406816,94.61208,164.604,337.75872
165,79.3987296,153.906156,97.08108,162.11,302.81472
135,100.198397,144.305772,97.08108,149.64,274.56
103,113.798179,138.705548,75.716,132.182,244.608
128,112.698197,157.806312,91.353,152.134,259.584
157,107.898274,150.006,93.03192,153.6304,296.22528
222.2,102.098366,208.708348,89.67408,158.6184,356.12928
315,22.0996464,204.308172,90.56292,161.6112,396.06528
293,45.5992704,195.707828,87.20508,167.098,374.4
38,138.497784,73.902956,49.38,99.76,199.68
55,140.59775,83.50334,51.05892,105.7456,154.752
319,12.2998032,166.106644,80.68692,134.1772,412.63872
353,9.7998432,166.106644,84.73608,131.1844,407.64672
313,9.99984,163.50654,83.946,118.2156,414.336
341,8.999856,179.607184,82.26708,131.1844,407.64672
326,10.1998368,179.107164,91.353,120.7096,417.63072
327,11.2998192,178.307132,89.67408,121.2084,346.14528
322,13.0997904,134.805392,84.73608,132.182,382.68672
302,21.6996528,170.0068,79.79808,125.6976,409.344
307,23.6996208,170.0068,81.477,134.1772,399.36
295,22.49964,168.706748,78.21792,135.1748,397.66272
276,29.7995232,160.406416,76.539,130.1868,366.11328
261,30.999504,152.606104,74.07,123.2036,346.14528
225,33.6994608,136.50546,65.87292,110.7336,311.20128
159,53.999136,160.406416,55.10808,92.7768,251.29728
170,74.9988,137.00548,64.194,100.7576,286.24128
182,88.498584,152.606104,69.132,109.2372,316.19328
204,79.1987328,168.706748,72.39108,110.7336,356.12928
258,48.499224,167.406696,73.27992,116.7192,392.67072
284,34.7994432,169.106764,77.32908,121.7072,379.392
326,13.6997808,168.306732,83.15592,135.1748,399.36
325,12.6997968,173.00692,90.56292,138.1676,387.67872
324,10.7998272,141.305652,74.86008,97.7648,392.67072
330,14.3997696,114.304572,74.893,130.1868,384.384
310,10.5998304,148.305932,72.39108,108.7384,387.67872
314,12.4998,147.805912,74.86008,89.2852,384.384
318,12.6997968,161.306452,70.81092,114.2252,392.67072
306,17.6997168,150.006,75.74892,115.2228,384.384
312,10.3998336,149.105964,74.86008,110.2348,384.384
326,10.7998272,143.00572,74.07,110.2348,387.67872
342,10.999824,143.905756,69.132,116.2204,382.68672
334,10.999824,195.707828,98.76,157.122,402.65472
346,9.99984,215.708628,106.95708,162.11,392.67072
319,11.2998192,177.407096,88.884,136.1724,377.69472
307,13.6997808,169.606784,88.884,139.664,389.376
303,17.6997168,162.606504,86.415,137.6688,349.44
201,63.998976,163.00652,72.39108,101.7552,341.15328
177,82.2986832,157.806312,70.81092,99.2612,312.79872
291,13.999776,161.706468,88.884,117.218,371.10528
231,44.7992832,154.306172,83.946,106.2444,331.16928
175,60.3990336,143.00572,75.74892,87.29,294.528
146,71.498856,140.0056,71.601,89.2852,266.27328
181,59.7990432,129.605184,78.21792,99.2612,274.56
193,56.6990928,125.705028,83.946,99.76,274.56
131,75.7987872,91.703668,76.539,98.7624,199.68
68,93.498504,63.50254,62.51508,84.2972,126.49728
37,100.998384,50.002,49.38,77.8128,91.55328
23,100.59839,47.00188,49.38,65.3428,81.56928
26,101.698373,48.301932,37.82508,70.3308,84.864
29,103.298347,51.702068,37.82508,72.326,91.55328
33,105.198317,51.702068,38.71392,70.3308,91.55328
26,105.198317,47.401896,41.18292,65.8416,84.864
21,99.9984,50.002,46.911,69.3332,84.864
19,100.198397,50.002,46.911,65.3428,84.864
16,98.998416,43.901756,46.12092,59.3572,74.88
14,99.5984064,39.601584,33.77592,59.3572,69.888
14,98.2984272,38.301532,45.23208,63.8464,61.60128
15,96.1984608,35.701428,32.097,59.3572,59.904
6,87.6985968,33.00132,41.973,64.844,51.61728
13,85.5986304,33.50134,41.18292,59.3572,49.92
12,93.0985104,37.801512,42.76308,59.856,56.60928
7,95.5984704,39.101564,31.30692,62.35,56.60928
52,122.49804,86.50346,60.04608,91.2804,156.44928
67,122.698037,102.604104,55.10808,83.7984,161.44128
53,123.798019,88.703548,53.52792,84.796,161.44128
50,126.497976,89.603584,54.318,84.2972,163.03872
59,120.198077,99.103964,56.787,86.7912,158.04672
62,120.59807,100.004,58.46592,91.2804,183.00672
64,119.798083,101.304052,64.98408,84.796,179.712
67,115.398154,107.404296,57.57708,90.2828,199.68
78,112.898194,118.704748,62.51508,89.2852,207.96672
104,111.698213,114.804592,63.40392,95.7696,216.35328
114,108.09827,119.104764,63.40392,94.772,222.94272
118,104.99832,124.304972,64.98408,96.2684,232.92672
130,100.398394,127.00508,67.45308,95.7696,242.91072
130,96.6984528,127.00508,65.87292,93.2756,251.29728
145,94.3984896,133.00532,66.663,94.772,246.30528
140,91.8985296,133.50534,67.45308,99.2612,262.87872
171,88.498584,133.50534,69.92208,101.2564,271.26528
148,85.998624,136.50546,67.45308,100.7576,277.85472
159,82.6986768,138.305532,68.34192,103.2516,282.84672
164,82.0986864,140.0056,68.34192,103.7504,287.83872
196,77.0987664,153.00612,70.81092,95.2708,292.83072
201,74.5988064,155.206208,74.07,102.7528,296.22528
225,72.2988432,152.206088,74.07,102.254,302.81472
220,69.5988864,147.405896,72.39108,105.2468,306.20928
243,34.1994528,161.706468,83.15592,120.7096,344.448
260,45.3992736,171.306852,79.008,117.218,332.76672
304,18.0997104,179.607184,81.477,141.1604,364.416
330,22.2996432,181.707268,90.56292,144.652,359.424
303,18.0997104,166.50666,99.55008,124.7,349.44
292,15.999744,162.206488,82.26708,108.7384,349.44
281,20.5996704,150.406016,81.477,104.748,336.16128
239,28.2995472,141.305652,74.86008,92.278,304.512
213,50.1991968,131.305252,76.539,92.7768,299.52
206,50.3991936,131.305252,76.539,92.7768,299.52
107,84.5986464,91.303652,57.57708,77.314,181.40928
93,88.498584,83.00332,59.256,71.3284,164.736
61,102.898354,57.802312,52.63908,65.3428,113.11872
45,105.998304,50.902036,47.70108,63.8464,94.848
35,103.498344,45.201808,44.442,57.362,83.16672
40,98.0984304,46.101844,39.504,53.8704,83.16672
36,98.2984272,48.701948,43.65192,63.8464,84.864
29,101.89837,44.301772,42.76308,55.8656,78.17472
24,100.998384,40.401616,41.973,44.3932,69.888
26,100.398394,41.701668,38.71392,54.868,73.18272
27,100.198397,46.50186,39.504,61.8512,79.872
27,103.798339,50.902036,43.65192,62.8488,88.15872
39,99.5984064,45.201808,44.442,55.3668,84.864
47,104.39833,55.702228,45.23208,59.3572,98.14272
31,105.398314,58.702348,47.70108,59.856,103.13472
45,106.498296,55.702228,45.23208,58.3596,103.13472
34,107.49828,52.602104,41.18292,70.8296,94.848
28,106.198301,55.202208,46.911,58.8584,98.14272
24,106.498296,55.202208,43.65192,63.8464,94.848
38,109.198253,57.402296,46.12092,66.8392,99.84
40,113.298187,71.702868,51.05892,63.8464,131.48928
67,109.99824,80.0032,55.10808,62.35,154.752
106,107.898274,85.203408,56.787,59.3572,171.42528
100,106.89829,93.50374,51.849,74.3212,179.712
91,101.498376,93.50374,59.256,68.8344,186.40128
117,99.3984096,93.903756,59.256,73.3236,194.688
105,96.6984528,98.703948,59.256,78.3116,201.37728
128,93.498504,105.204208,60.93492,77.314,209.664
116,90.7985472,103.904156,61.725,76.3164,219.648
137,88.2985872,110.404416,60.93492,79.808,221.34528
134,85.3986336,109.604384,64.194,76.8152,229.632
143,83.2986672,110.0044,62.51508,81.8032,236.32128
163,81.1987008,111.704468,64.194,81.3044,236.32128
165,79.1987328,113.00452,55.10808,74.82,241.31328
170,77.0987664,117.00468,64.194,81.3044,239.616
167,75.3987936,117.00468,66.663,80.3068,244.608
169,73.498824,113.00452,61.725,74.3212,246.30528
154,71.6988528,120.404816,66.663,76.3164,249.6
175,70.1988768,117.804712,68.34192,73.3236,251.29728
162,71.8988496,117.404696,67.45308,78.3116,254.592
172,66.8989296,119.604784,67.45308,76.3164,256.28928
176,65.5989504,120.0048,66.663,63.8464,261.28128
203,64.1989728,123.904956,69.92208,73.8224,266.27328
168,63.0989904,118.304732,64.194,77.314,266.27328
196,58.0990704,124.804992,70.81092,75.3188,271.26528
223,36.2994192,138.705548,72.39108,78.8104,309.504
224,40.5993504,133.00532,56.787,91.7792,279.552
172,47.2992432,123.00492,55.10808,95.7696,249.6
171,50.1991968,105.704228,51.05892,72.326,209.664
174,55.5991104,90.903636,48.58992,75.8176,192.99072
119,73.998816,69.602784,47.70108,79.808,139.776
86,88.2985872,55.202208,41.18292,66.8392,101.53728
38,95.3984736,45.201808,37.82508,63.8464,79.872
39,92.6985168,38.301532,34.566,62.35,64.896
28,96.498456,41.701668,35.35608,63.8464,74.88
28,98.7984192,36.50146,31.30692,54.868,66.59328
13,106.498296,44.801792,34.566,59.856,79.872
26,114.798163,52.202088,42.76308,66.3404,96.54528
20,115.198157,55.202208,41.18292,59.856,99.84
17,113.798179,46.101844,37.82508,59.3572,86.56128
0,117.698117,48.301932,41.973,67.8368,96.54528
44,121.698053,55.702228,48.58992,75.8176,109.824
34,122.698037,62.602504,51.05892,70.8296,119.808
31,121.198061,60.0024,47.70108,60.8536,134.784
44,120.398074,62.202488,46.911,62.8488,144.768
64,120.798067,64.302572,50.17008,69.832,143.07072
22,120.798067,68.302732,46.12092,68.3356,148.06272
61,119.198093,70.402816,43.65192,73.8224,149.76
43,120.59807,72.602904,48.58992,61.8512,153.05472
69,118.998096,71.302852,43.65192,58.3596,158.04672
68,115.59815,74.802992,44.442,59.856,163.03872
55,113.498184,76.50306,46.911,62.35,173.02272
68,112.098206,79.603184,43.65192,55.3668,178.01472
101,74.7988032,95.703828,46.911,69.832,221.34528
62,90.5985504,66.50266,38.71392,60.3548,148.06272
61,93.498504,60.902436,37.035,59.856,133.08672
35,93.7984992,50.402016,36.24492,54.3692,108.12672
24,93.2985072,40.901636,31.30692,49.88,84.864
13,88.2985872,34.801392,28.83792,51.3764,71.58528
14,91.8985296,37.401496,29.628,53.3716,76.57728
12,93.2985072,39.601584,31.30692,52.374,81.56928
13,99.9984,40.901636,32.88708,53.3716,86.56128
19,100.998384,41.301652,35.35608,53.8704,89.856
29,110.998224,50.002,40.29408,59.856,109.824
29,111.89821,54.302172,43.65192,54.3692,121.50528
27,112.4982,55.702228,41.18292,59.856,149.76
26,106.698293,52.602104,39.504,55.8656,158.04672
30,100.198397,41.701668,32.88708,50.3788,116.51328
21,109.798243,46.50186,40.29408,49.3812,91.55328
11,104.39833,40.401616,37.035,48.8824,91.55328
25,111.198221,50.902036,41.973,49.3812,109.824
22,112.4982,50.902036,42.76308,49.88,119.808
33,112.098206,51.302052,43.65192,51.8752,119.808
26,109.99824,54.802192,42.76308,50.3788,129.792
29,112.098206,57.00228,42.76308,52.374,134.784
28,109.39825,58.702348,41.973,49.88,139.776
42,108.998256,67.402696,45.23208,58.8584,144.768
40,102.698357,67.802712,44.442,54.868,144.768
53,103.998336,70.402816,45.23208,55.3668,153.05472
40,102.698357,71.702868,44.442,64.3452,139.776
35,101.198381,71.302852,44.442,63.3476,139.776
34,101.698373,73.50294,46.12092,64.844,144.768
46,101.498376,73.00292,46.911,64.844,144.768
35,101.198381,72.602904,46.911,64.844,144.768
36,100.998384,72.602904,46.12092,63.8464,144.768
38,100.398394,72.202888,46.911,63.3476,144.768
25,101.198381,72.602904,46.12092,62.35,144.768
43,101.498376,71.302852,45.23208,63.8464,139.776
43,101.198381,80.0032,46.911,73.8224,148.06272
43,100.798387,78.703148,48.58992,70.8296,148.06272
45,100.798387,78.703148,48.58992,66.8392,154.752
61,101.198381,78.703148,46.911,64.844,154.752
47,100.998384,77.403096,46.911,61.3524,154.752
68,100.998384,77.00308,46.911,72.326,154.752
58,100.798387,77.00308,46.911,72.326,154.752
63,100.998384,79.603184,47.70108,75.8176,161.44128
75,93.0985104,90.903636,47.70108,73.3236,181.40928
72,94.1984928,92.603704,51.05892,72.326,181.40928
82,87.0986064,97.803912,47.70108,77.8128,199.68
126,49.7992032,133.50534,61.725,96.2684,286.24128
174,49.9992,135.205408,64.194,99.2612,271.26528
181,51.2991792,135.205408,62.51508,95.7696,266.27328
175,51.499176,139.105564,63.40392,99.2612,282.84672
195,49.7992032,137.405496,64.194,100.2588,286.24128
188,50.1991968,137.805512,64.194,99.76,286.24128
191,50.1991968,137.805512,64.98408,100.7576,286.24128
199,50.1991968,137.405496,64.98408,99.76,282.84672
211,50.1991968,137.805512,64.98408,101.2564,282.84672
181,50.5991904,137.805512,64.98408,101.7552,282.84672
205,49.9992,137.805512,64.98408,100.2588,281.24928
207,49.7992032,137.405496,64.98408,101.2564,281.24928
192,50.1991968,137.00548,64.98408,100.2588,286.24128
195,50.3991936,137.405496,64.194,100.7576,282.84672
200,50.3991936,137.00548,64.98408,100.7576,282.84672
180,49.5992064,137.805512,64.194,101.2564,286.24128
178,56.499096,126.50506,60.04608,90.7816,254.592
88,81.1987008,87.403496,44.442,76.8152,168.03072
122,77.8987536,99.103964,47.70108,79.808,196.38528
119,68.2989072,113.904556,53.52792,85.7936,232.92672
146,56.8990896,122.204888,48.58992,77.8128,244.608
150,55.5991104,124.304972,51.05892,80.8056,249.6
169,52.49916,127.405096,52.63908,81.8032,261.28128
166,50.7991872,136.105444,55.10808,86.2924,262.87872
164,51.6991728,127.805112,53.52792,83.7984,261.28128
159,52.49916,129.105164,52.63908,83.2996,261.28128
164,51.6991728,130.405216,52.63908,83.2996,261.28128
163,52.2991632,127.00508,53.52792,101.7552,262.87872
166,51.6991728,131.705268,53.52792,83.7984,262.87872
164,52.49916,130.0052,53.52792,84.796,266.27328
169,51.499176,130.405216,55.99692,88.2876,266.27328
169,52.2991632,131.305252,56.787,88.7864,272.86272
171,51.499176,130.0052,55.99692,88.2876,267.87072
164,50.999184,130.405216,55.10808,85.7936,262.87872
173,51.499176,130.405216,56.787,89.2852,266.27328
174,51.2991792,131.705268,56.787,89.784,267.87072
154,51.499176,132.205288,57.57708,91.7792,267.87072
165,50.5991904,132.605304,58.46592,91.2804,267.87072
173,47.2992432,134.305372,54.318,86.2924,272.86272
90,69.99888,91.703668,46.12092,79.3092,173.02272
93,71.498856,93.50374,46.911,79.3092,191.39328
71,79.5987264,79.103164,43.65192,78.3116,154.752
61,84.5986464,73.00292,41.18292,76.3164,144.768
72,79.3987296,71.702868,36.24492,64.844,154.752
71,74.5988064,77.00308,35.35608,62.8488,166.43328
30,85.998624,50.902036,29.628,57.8608,104.832
51,84.1986528,60.0024,31.30692,58.3596,124.8
33,88.6985808,53.00212,28.83792,56.3644,109.824
46,88.998576,55.202208,30.41808,57.362,114.816
47,88.498584,63.00252,32.88708,59.3572,129.792
62,86.6986128,69.102764,34.566,61.8512,148.06272
63,84.7986432,74.802992,36.24492,63.8464,161.44128
72,83.0986704,78.703148,37.035,63.8464,171.42528
73,81.8986896,81.303252,37.82508,64.844,176.41728
86,81.498696,81.703268,37.82508,64.844,176.41728
85,79.99872,83.00332,37.82508,65.8416,181.40928
85,79.3987296,84.803392,38.71392,65.8416,149.76
89,78.2987472,86.103444,39.504,67.338,181.40928
97,77.49876,87.00348,38.71392,67.338,191.39328
88,76.6987728,87.403496,39.504,67.8368,161.44128
83,75.998784,87.803512,40.29408,68.8344,184.704
95,79.5987264,94.803792,46.12092,75.8176,196.38528
90,77.0987664,93.903756,45.23208,76.8152,196.38528
167,49.5992064,117.804712,51.849,80.3068,266.27328
156,50.1991968,120.904836,52.63908,83.7984,249.6
198,38.999376,126.50506,61.725,95.7696,281.24928
198,34.5994464,130.0052,62.51508,96.2684,291.23328
162,47.2992432,131.305252,61.725,88.7864,246.30528
151,55.5991104,125.205008,49.38,82.8008,239.616
124,61.6990128,93.50374,42.76308,84.796,179.712
63,85.1986368,63.902556,32.88708,73.3236,121.50528
83,80.7987072,78.703148,39.504,83.7984,149.76
40,90.3985536,60.402416,29.628,65.8416,109.824
45,90.998544,56.50226,32.097,66.8392,104.832
34,91.498536,59.102364,32.88708,54.3692,111.52128
53,88.2985872,72.202888,34.566,71.3284,136.48128
69,80.7987072,80.903236,36.24492,65.3428,154.752
49,86.498616,63.00252,32.88708,58.8584,121.50528
28,88.0985904,48.701948,29.628,56.3644,91.55328
24,90.3985536,49.101964,28.83792,61.3524,91.55328
25,90.3985536,53.00212,32.097,64.844,91.55328
35,91.8985296,59.102364,32.097,62.8488,109.824
45,92.49852,57.00228,35.35608,46.3884,116.51328
38,93.7984992,51.302052,35.35608,41.8992,109.824
33,91.8985296,45.201808,33.77592,40.9016,91.55328
25,87.8985936,35.701428,32.097,37.41,74.88
29,99.9984,38.701548,36.24492,36.9112,84.864
29,99.5984064,37.801512,36.24492,37.41,89.856
29,104.39833,44.801792,41.18292,41.8992,104.832
42,103.798339,47.801912,41.18292,43.3956,114.816
41,99.9984,53.50214,38.71392,41.8992,131.48928
49,91.8985296,54.802192,37.035,41.4004,131.48928
36,93.0985104,49.601984,34.566,35.9136,116.51328
35,93.2985072,51.302052,36.24492,45.8896,101.53728
37,96.498456,51.302052,37.035,47.8848,111.52128
46,97.0984464,55.202208,39.504,57.8608,121.50528
45,97.2984432,63.902556,35.35608,86.2924,129.792
44,95.7984672,72.202888,36.24492,60.8536,131.48928
42,94.99848,71.302852,37.035,77.314,139.776
55,93.498504,72.202888,38.71392,71.8272,141.47328
54,92.49852,73.902956,36.24492,104.2492,144.768
66,91.8985296,82.203288,36.24492,87.7888,146.46528
57,90.5985504,84.303372,37.035,83.2996,149.76
67,89.1985728,80.403216,38.71392,78.8104,151.45728
59,88.6985808,80.903236,37.82508,92.7768,156.44928
65,87.2986032,84.803392,36.24492,83.2996,154.752
85,74.5988064,83.00332,41.18292,54.3692,186.40128
92,69.99888,90.903636,41.973,67.338,184.704
41,82.8986736,64.802592,37.035,54.3692,116.51328
32,82.8986736,56.50226,32.88708,67.8368,111.52128
32,78.498744,51.702068,31.30692,59.3572,89.856
42,83.498664,52.602104,32.097,61.8512,104.832
30,82.2986832,53.00212,32.88708,59.3572,91.55328
36,82.0986864,58.702348,33.77592,63.8464,101.53728
35,82.0986864,61.302452,35.35608,61.8512,123.10272
44,81.1987008,63.50254,37.035,57.362,138.07872
52,80.7987072,64.802592,38.71392,54.868,131.48928
50,81.498696,65.702628,40.29408,71.3284,141.47328
61,80.1987168,75.703028,41.18292,61.3524,144.768
56,80.998704,71.302852,39.504,46.8872,146.46528
27,73.498824,49.601984,30.41808,47.386,91.55328
21,74.3988096,37.401496,28.83792,39.4052,94.848
28,76.6987728,37.401496,29.628,40.4028,84.864
41,77.6987568,43.00172,30.41808,39.904,96.54528
35,81.8986896,49.601984,33.77592,41.8992,114.816
44,83.498664,57.00228,36.24492,48.8824,141.47328
37,83.2986672,56.102244,36.24492,48.3836,143.07072
48,83.498664,59.102364,37.035,51.8752,131.48928
48,83.998656,75.703028,40.29408,66.8392,153.05472
50,83.6986608,77.803112,41.18292,67.338,141.47328
50,83.0986704,79.103164,41.973,70.8296,144.768
55,82.49868,80.403216,41.973,69.3332,146.46528
60,81.6986928,80.903236,42.76308,65.8416,149.76
56,81.498696,82.203288,41.973,61.3524,151.45728
138,53.6991408,110.404416,48.58992,67.338,246.30528
115,58.0990704,91.303652,41.18292,55.8656,204.672
81,65.1989568,73.902956,36.24492,54.3692,161.44128
39,78.498744,53.50214,31.30692,53.3716,128.09472
54,79.7987232,53.902156,31.30692,53.8704,116.51328
105,54.99912,102.204088,41.973,65.3428,242.91072
151,49.5992064,115.204608,52.63908,71.3284,257.88672
154,52.0991664,120.904836,53.52792,79.3092,241.31328
158,52.0991664,119.104764,55.10808,81.8032,251.29728
85,70.998864,92.603704,41.973,70.8296,163.03872
75,86.498616,77.803112,39.504,65.8416,138.07872
46,79.99872,61.702468,32.097,55.3668,99.84
42,83.6986608,61.302452,32.88708,55.8656,103.13472
57,78.998736,78.303132,37.035,57.362,143.07072
60,77.6987568,79.103164,38.71392,61.3524,143.07072
54,78.998736,76.50306,37.035,59.856,139.776
56,79.7987232,73.902956,37.035,60.3548,134.784
57,78.998736,76.50306,37.82508,60.8536,139.776
62,76.8987696,80.0032,38.71392,61.3524,148.06272
58,72.6988368,78.703148,37.82508,58.3596,143.07072
28,80.3987136,53.902156,32.097,53.3716,93.15072
69,70.5988704,82.603304,39.504,59.856,163.03872
87,64.5989664,89.103564,40.29408,60.8536,179.712
86,60.999024,96.50386,42.76308,67.8368,191.39328
86.5,58.2990672,87.803512,43.65192,63.3476,158.04672
56,65.7989472,74.802992,36.24492,58.8584,136.48128
47,68.0989104,64.802592,35.35608,58.3596,109.824
89,61.6990128,87.803512,41.973,64.844,163.03872
56,69.99888,68.702748,35.35608,58.8584,124.8
113,56.8990896,98.303932,42.76308,65.8416,187.99872
141,47.0992464,104.804192,46.12092,72.326,229.632
130.7,46.8992496,100.904036,41.18292,65.3428,224.64
115,45.1992768,107.804312,47.70108,74.3212,234.624
152,44.5992864,107.00428,48.58992,73.8224,236.32128
154,44.1992928,108.304332,46.911,70.8296,244.608
145,42.8993136,113.904556,50.17008,78.8104,247.90272
136,43.0993104,113.50454,54.318,83.2996,252.89472
128,43.6993008,105.704228,44.442,73.8224,229.632
120,45.999264,93.903756,44.442,66.3404,196.38528
86,54.1991328,78.303132,41.973,65.8416,163.03872
36,68.998896,58.702348,34.566,60.3548,118.11072
-6,68.498904,63.00252,35.35608,58.3596,129.792
34,71.6988528,60.402416,33.77592,59.3572,124.8
63,68.998896,69.102764,37.035,62.8488,138.07872
44,66.498936,75.703028,38.71392,66.8392,154.752
102,52.2991632,102.204088,46.911,62.35,221.34528
99,59.7990432,85.203408,41.18292,55.8656,149.76
130,52.49916,96.103844,38.71392,60.8536,197.98272
145,43.6993008,104.804192,44.442,51.3764,227.93472
174,38.999376,116.104644,57.57708,72.8248,244.608
170,40.999344,112.204488,51.849,77.8128,329.472
192,35.1994368,117.404696,55.99692,81.3044,254.592
204,30.999504,121.704868,56.787,84.796,266.27328
223,27.6995568,128.305132,60.93492,81.3044,277.85472
164,24.9996,132.205288,62.51508,104.748,296.22528
240,24.1996128,137.00548,64.98408,99.2612,281.24928
236,23.6996208,138.305532,65.87292,95.2708,286.24128
227,22.0996464,143.50574,69.92208,110.2348,291.23328
256,19.99968,143.50574,70.81092,116.2204,287.83872
247,17.0997264,143.905756,80.68692,136.1724,337.75872
303,15.3997536,149.105964,84.73608,146.1484,352.73472
180,33.2994672,139.605584,51.05892,65.8416,472.54272
186,37.0994064,134.805392,52.63908,101.2564,424.32
212,33.499464,145.205808,62.51508,110.7336,436.00128
193,26.8995696,145.205808,62.51508,111.7312,314.496
221,37.4994,139.605584,58.46592,112.23,281.24928
220,32.6994768,140.405616,64.98408,117.218,307.80672
212,23.2996272,158.706348,74.86008,134.676,319.488
177,33.6994608,136.105444,64.98408,129.688,286.24128
192,31.8994896,140.0056,68.34192,128.6904,296.22528
226,29.3995296,137.00548,65.87292,122.206,299.52
211,27.8995536,136.50546,66.663,125.6976,309.504
226,21.8996496,140.405616,68.34192,126.6952,324.48
170,24.1996128,119.604784,55.99692,115.7216,257.88672
169,31.6994928,117.00468,59.256,110.7336,261.28128
206,28.499544,145.705828,68.34192,124.7,291.23328
186,28.0995504,150.006,70.81092,128.1916,304.512
198,26.6995728,144.305772,70.81092,129.1892,316.19328
235,23.6996208,151.706068,73.27992,134.1772,326.17728
210,24.1996128,140.905636,72.39108,138.1676,304.512
173,32.2994832,109.104364,54.318,103.7504,231.32928
189,36.24942,107.3956,54.318,135.1748,251.29728
187,43.2993072,100.904036,60.93492,108.7384,211.36128
126,52.0991664,83.00332,53.52792,110.2348,166.43328
97,64.5989664,59.102364,40.29408,89.784,138.07872
104,55.20745,80.8728,46.088,96.7672,183.00672
122,55.7991072,87.803512,53.52792,118.7144,187.99872
137,46.8992496,105.704228,52.63908,112.23,232.92672
211,26.6995728,128.705148,69.132,124.2012,314.496
176,29.1995328,123.00492,70.81092,124.7,304.512
228,24.9996,137.405496,77.32908,132.182,336.16128
268,16.6997328,126.50506,70.81092,119.2132,364.416
263,19.3996896,129.605184,73.27992,122.7048,305.21088
262,18.999696,136.50546,76.539,135.6736,315.29472
292,15.3997536,178.307132,84.73608,157.6208,330.27072
209,62.8989936,149.605984,79.79808,129.1892,306.70848
228,63.0989904,148.705948,92.14308,154.1292,314.19648
211,77.2987632,139.105564,93.03192,155.6256,299.32032
194,99.5984064,128.305132,91.353,156.6232,274.56
162,121.498056,117.00468,89.67408,156.1244,249.79968
83,163.297387,85.703428,90.56292,143.1556,259.78368
37,222.296443,47.801912,93.03192,190.0428,92.55168
28,223.996416,43.00172,94.61208,199.0212,77.07648
38,200.196797,63.00252,80.68692,188.5464,105.63072
68,178.997136,88.303532,78.21792,161.6112,144.56832
108,122.098046,119.604784,74.86008,142.6568,217.45152
125,112.898194,125.205008,74.86008,140.1628,238.31808
128,107.698277,127.805112,74.86008,137.6688,240.91392
150,96.6984528,132.605304,74.07,133.1796,253.89312
149,89.1985728,136.105444,73.27992,131.6832,264.27648
159,90.5985504,136.105444,72.39108,126.1964,261.78048
162,88.2985872,139.605584,73.27992,129.688,266.87232
160,82.6986768,140.905636,74.86008,133.6784,248.80128
156,82.8986736,141.305652,73.27992,127.194,274.75968
176,75.3987936,143.905756,74.07,131.6832,282.5472
181,73.0988304,145.205808,72.39108,124.2012,285.24288
185,75.7987872,145.705828,73.27992,125.1988,279.85152
189,71.8988496,147.805912,74.86008,130.1868,285.24288
186,68.6989008,150.406016,74.07,129.1892,295.5264
301,13.2997872,169.106764,93.822,177.5728,332.86656
276.3,16.8997296,162.206488,91.353,170.0908,341.65248
302,15.5997504,164.806592,97.96992,150.1388,368.30976
250,69.7988832,134.805392,85.62492,171.0884,254.89152
338,14.7997632,163.50654,79.79808,152.134,377.19552
310.5,13.0997904,161.706468,79.008,152.134,420.8256
338,10.1998368,170.0068,74.86008,144.652,401.856
342,9.99984,173.906956,76.539,150.1388,420.8256
294,28.2995472,176.50706,88.09392,154.628,364.9152
343,10.999824,182.607304,90.56292,168.0956,400.3584
316,12.2998032,180.0072,84.73608,151.1364,416.832
282,26.1995808,165.706628,81.477,146.6472,384.08448
321,18.999696,179.607184,85.62492,154.628,389.57568
339,10.5998304,156.528,70.81092,151.1364,381.888
337,9.7998432,173.00692,87.20508,185.5536,386.88
340,10.5998304,177.407096,81.477,172.086,397.06368
274,36.8994096,153.00612,75.74892,164.604,202.97472
334,9.99984,175.207008,81.477,153.6304,175.41888
363,10.2078367,181.311252,92.9993292,172.086,392.8704
325,24.1666133,176.964078,89.7066708,165.6016,347.14368
359,17.49972,182.181287,97.9373292,174.58,382.68672
353,10.8328267,173.484939,83.1233292,140.6616,379.69152
350,10.62483,174.789991,83.1233292,143.1556,382.18752
340,10.2078367,179.572183,90.5303292,149.1412,359.424
320,19.1666933,177.833113,80.6543292,137.17,367.11168
335,22.49964,172.180887,79.8306708,127.6928,372.10368
321,24.9996,170.441817,76.539,120.7096,354.432
287,29.7915233,182.1812,84.7686708,133.1796,372.10368
301,31.6664933,174.789991,73.2473292,119.2132,374.59968
295,31.6664933,176.094043,75.7163292,121.2084,372.10368
294,31.4574967,175.659026,75.7163292,120.7096,372.10368
296,31.0415033,175.659026,76.539,119.712,364.61568
296,30.8325067,176.964078,77.3616708,121.2084,369.60768
308,23.9576167,176.094043,77.3616708,125.6976,361.92
318,11.4578167,174.354974,67.4856708,104.748,374.59968
217,56.87409,166.528661,64.194,91.2804,300.31872
276,30.8325067,170.0068,68.3093292,98.7624,335.4624
254,41.0413433,175.659026,68.3093292,101.7552,330.4704
315,15.62475,172.180887,69.132,105.7456,365.61408
194,78.74874,168.702748,68.3093292,90.7816,285.34272
206,77.9157533,174.789991,69.9546708,94.2732,302.81472
262,43.9572967,173.919957,65.8403292,94.2732,345.4464
325,12.4998,167.397696,67.4856708,105.2468,383.3856
329,11.87481,170.876835,69.132,107.242,157.04832
324,11.6668133,170.876835,64.194,113.7264,368.60928
248,25.62459,163.484539,57.6096708,85.7936,310.70208
253,29.37453,169.571783,69.132,104.2492,328.17408
215,54.1661333,173.484939,62.5476708,90.7816,303.21408
268.7,28.9575367,154.354174,70.7783292,131.6832,355.72992
259.7,24.9996,142.614704,68.3093292,110.7336,320.28672
283.3,22.49964,143.048722,74.8926708,125.1988,328.27392
206.3,37.0824067,140.440617,60.0786708,112.23,279.718733
103.9,87.7065967,95.6558261,52.6716708,102.254,160.909133
175.9,55.2071167,132.179287,58.4333292,111.7312,249.6
207.1,44.99928,136.962478,63.3713292,118.7144,279.718733
243.7,33.9574567,141.74467,65.0166708,122.206,284.710733
270.1,23.3326267,142.179687,65.0166708,110.2348,310.169933
216,36.0414233,134.353374,55.1406708,93.7744,272.064
168.8,50.8321867,122.613904,53.4953292,97.7648,219.648
139.8,63.74898,99.1339652,55.1406708,101.7552,180.377933
70.2,88.5405833,66.9596783,46.0883292,91.2804,110.489933
46.9,100.206397,52.6111044,43.6193292,85.7936,84.3648
38.5,97.9154333,46.9588783,38.6813292,87.29,76.5443328
50.8,96.4564567,57.828313,37.8576708,85.7936,98.5091328
64.3,90.8315467,68.2637304,41.1503292,90.2828,117.644467
61.2,93.3315067,64.7855913,40.3266708,89.2852,112.8192
74,84.1656533,72.176887,43.6193292,84.796,131.955533
97.8,74.1658133,89.1335652,39.504,83.7984,170.559667
108,71.24886,97.3948956,46.0883292,87.29,175.551667
113.9,68.5409033,93.9167565,43.6193292,89.784,180.377933
83.6,79.5817267,69.5677826,32.097,83.7984,146.432333
45.8,80.62371,58.2633304,34.566,76.3164,98.5091328
24.6,86.6656133,49.5669826,34.566,78.8104,61.7340672
22,88.5405833,46.5238609,33.7433292,70.3308,58.4064
27.4,91.24854,50.8720348,34.566,75.3188,71.3856
27.7,93.3315067,54.7851913,36.2123292,79.808,73.8816
27.3,93.3315067,53.4801391,35.3886708,76.8152,74.7132672
28.7,93.7485,56.9592783,37.8576708,81.3044,75.0467328
28,93.12351,53.9151565,35.3886708,74.82,75.5459328
28.6,93.7485,57.3932956,37.035,81.3044,77.5427328
28.6,94.1654933,55.2192087,36.2123292,68.8344,78.0419328
28.4,93.7485,54.7851913,36.2123292,77.8128,78.3744
28.5,94.7904833,55.2192087,36.2123292,66.8392,78.0419328
28.2,94.99848,57.3932956,37.8576708,80.3068,78.0419328
27.7,94.99848,58.2633304,38.6813292,84.796,77.5427328
27.6,94.5814867,54.7851913,36.2123292,75.8176,77.5427328
26.7,94.99848,54.7851913,35.3886708,70.8296,78.3744
27.5,95.2064767,58.6983478,39.504,85.2948,77.5427328
71.5,85.4156333,88.6995478,37.035,69.832,151.2576
74.5,81.4566967,88.2645304,37.035,81.8032,156.082867
158.1,47.9162333,119.134765,45.2646708,90.2828,229.632
191.5,39.1663733,127.831113,51.0263292,95.2708,262.08
201,28.3325467,131.74427,52.6716708,98.2636,257.088
177.2,39.5823667,122.613904,50.2026708,89.784,232.09472
124.4,58.3320667,96.0908435,43.6193292,90.2828,165.7344
102.8,65.8319467,92.6127044,39.504,84.796,165.7344
159.4,45.8322667,120.439817,46.911,90.2828,229.632
145.1,49.1662133,119.569783,46.911,97.7648,222.6432
124.1,51.87417,113.917557,47.7336708,92.278,195.353933
81.5,66.4569367,87.3944956,36.2123292,84.2972,141.440333
43.8,83.5406633,60.4374174,30.4506708,80.3068,88.1916672
54.8,81.0407033,65.6546261,32.097,77.314,109.824
75.2,67.2909233,84.3513739,33.7433292,72.326,143.936333
47.7,82.2906833,71.3068522,30.4506708,74.82,109.824
40.2,82.9156733,56.9592783,27.9816708,73.8224,90.5219328
49.2,83.5406633,72.176887,32.097,74.3212,109.824
60.5,80.2067167,81.7422696,33.7433292,73.3236,129.2928
57.2,78.9567367,80.4382174,32.097,74.3212,126.7968
45,79.99872,61.3064522,28.8053292,72.326,100.172467
37.3,82.0816867,60.4374174,27.159,71.3284,93.0179328
50.7,82.0816867,55.6542261,27.9816708,64.3452,78.2076672
28.2,82.2906833,53.9151565,27.159,58.3596,75.2124672
29.6,83.9566567,55.6542261,27.159,65.3428,79.872
44.3,88.5405833,67.828713,35.3886708,77.314,104.998733
46.5,89.37357,68.6987478,31.2743292,69.3332,109.824
40.1,90.8315467,76.0900435,34.566,66.8392,117.145267
45,89.5815667,77.3940956,31.2743292,69.3332,126.7968
47,87.0816067,83.0463217,36.2123292,72.326,134.118067
50.8,86.0406233,86.0904435,37.035,71.8272,138.944333
53.4,84.7906433,86.5254609,38.6813292,73.8224,143.936333
57.2,82.49868,89.1335652,37.035,72.326,148.7616
54.9,81.6656933,89.1335652,35.3886708,72.326,153.586867
66.5,80.62371,90.8736348,37.8576708,72.8248,158.578867
91.3,66.87393,101.308052,37.8576708,74.3212,185.535667
163.5,63.74898,106.091243,40.3266708,77.314,192.857933
165.7,43.5413033,124.352974,44.442,80.8056,252.5952
214.8,24.37461,134.353374,63.3713292,105.2468,280.467533
272.2,28.12455,137.396496,65.0166708,105.7456,290.651213
235.5,24.1666133,138.26653,82.2996708,104.748,245.174093
224.8,26.87457,135.657426,63.3713292,99.76,298.588493
206.2,26.24958,136.962478,56.787,86.2924,311.184307
221.8,28.74954,143.048722,60.9023292,94.2732,291.715507
214.7,27.9165533,136.527461,59.256,91.2804,194.171827
224.6,24.9996,136.962478,63.3713292,98.2636,296.807347
211.3,23.5416233,134.788391,61.725,93.2756,299.353267
216.5,27.9165533,133.483339,64.194,101.2564,289.169587
183.5,33.5414633,122.613904,57.6096708,91.7792,250.04928
208.2,29.5825267,130.440217,62.5476708,93.7744,284.09472
212.6,25.2075967,133.918357,60.0786708,93.2756,283.279027
197.2,27.0825667,194.790791,58.4333292,112.23,288.354893
234.2,24.9996,140.440617,65.8403292,107.7408,285.076147
218.9,24.5826067,181.311252,64.194,103.7504,291.5328
235.6,23.5416233,142.179687,66.663,113.2276,287.1232
78.9,74.79047,91.7428,41.15,66.8392,167.79776
223.3,27.0829,143.484,65.84,105.7456,277.03936
209.6,32.08282,141.7448,64.194,103.2516,272.01408
163.5,43.12431,119.57,59.256,97.7648,317.50784
143.1,53.95747,120.8744,54.318,89.784,187.43296
68.8,86.45695,77.3944,41.973,81.3044,119.12576
70.7,87.4986,72.1768,48.557,95.7696,165.35168
67.7,89.79023,75.6552,41.15,84.2972,119.12576
71.1,80.20705,78.6988,39.504,78.3116,128.81024
51,91.6652,71.3072,39.504,79.3092,102.23616
35.6,95.41514,54.35,38.681,81.3044,85.42976
40,93.12351,53.9152,41.15,82.8008,85.42976
38.6,81.45703,56.0892,34.566,62.8488,83.0336
32.9,94.99848,57.8284,37.035,69.832,85.42976
44.2,96.45679,66.0896,39.504,73.3236,109.47456
56.2,94.16516,81.3076,41.15,72.8248,125.18272
61.1,91.45687,88.2644,42.796,76.8152,138.528
68,84.99864,91.308,41.15,70.3308,148.2624
74,84.37365,95.656,41.973,75.3188,155.56736
76.1,80.41538,96.0908,41.15,72.326,162.9056
77.8,78.12375,96.9604,41.973,71.3284,165.35168
79.3,76.66544,92.1776,41.15,71.3284,165.35168
108.7,62.91566,113.048,83.946,69.832,187.43296
118.2,52.29083,116.0916,44.442,79.3092,217.08544
143.4,49.79087,132.1792,46.911,83.7984,222.04416
152.4,33.95779,120.0048,48.557,82.302,210.51264
175.7,34.37445,128.266,57.61,99.76,239.08352
141.9,41.666,112.1784,51.026,84.2972,200.62848
81.7,63.74898,80.438,40.327,80.8056,134.75072
76,66.6656,76.5248,35.389,77.8128,127.51232
86.4,63.74898,83.9164,41.15,84.796,146.848
93.4,61.87401,89.134,36.212,77.314,160.20992
150.4,40.83268,115.6568,50.203,88.7864,215.47136
107.7,52.91582,95.656,42.796,84.796,176.06784
86.7,64.99896,84.3512,39.504,83.7984,149.27744
90.6,63.74898,86.0904,41.15,82.8008,156.56576
101,61.45735,90.4384,41.15,81.8032,166.30016
107.6,55.62411,98.2648,41.973,80.8056,183.42272
115,55.83244,106.0912,45.265,85.2948,191.12704
184.3,33.95779,122.6136,59.256,98.2636,251.58016
165.5,36.66608,115.6568,53.495,94.2732,227.86816
124.7,42.91598,101.3084,47.734,78.8104,179.74528
91.3,44.37429,86.0904,36.212,63.8464,143.20384
78.3,47.29091,75.6552,36.212,60.3548,125.09952
73.3,49.37421,70.8724,37.858,60.8536,116.67968
84.8,56.87409,64.3504,39.504,66.8392,108.29312
64.6,62.91566,54.7848,43.619,75.8176,89.1904
48.4,68.33224,47.3932,40.327,69.832,72.3008
34.8,71.87385,40.0016,31.274,63.3476,59.27168
29.7,75.20713,34.3492,36.212,65.8416,57.408
27.4,76.24878,34.3492,36.212,67.338,43.96288
24.4,75.41546,28.6968,28.805,59.3572,42.73152
20.3,82.08202,32.61,30.451,59.3572,50.1696
26.7,85.83196,41.306,35.389,64.3452,70.02112
34.2,96.66512,51.3064,35.389,72.8248,93.96608
44.1,95.62347,61.7416,39.504,73.3236,115.4816
53.8,93.12351,67.8288,40.327,72.8248,129.92512
59,90.41522,73.4812,41.15,73.3236,139.57632
62.8,87.4986,76.9596,40.327,71.8272,149.27744
66.5,84.37365,79.5684,40.327,73.3236,156.56576
70,81.45703,81.7424,40.327,74.3212,157.78048
97.5,57.49908,98.6996,40.327,70.3308,190.79424
110.8,58.3324,105.6564,45.265,82.8008,184.23808
57.5,87.08194,68.2636,37.035,73.8224,117.87776
54.6,83.54033,76.9596,41.973,84.2972,120.8896
42.5,95.20681,57.3936,33.743,71.3284,98.72512
43.7,91.04021,67.394,41.973,86.2924,99.30752
30.9,97.49844,59.5676,40.327,86.7912,84.99712
34.5,92.49852,55.6544,37.035,79.808,82.60096
50,87.29027,65.6548,37.035,80.3068,116.08064
62.4,80.41538,78.264,39.504,81.3044,137.7792
73.3,75.62379,84.786,45.265,94.772,157.18144
80,71.66552,93.0472,45.265,88.2876,152.672
83.3,69.58222,93.0472,41.973,81.3044,157.0816
201.7,34.79111,132.1792,60.902,110.7336,248.4352
208.3,27.29123,135.6576,65.84,109.736,272.71296
223.7,28.95787,136.962,65.84,115.7216,285.94176
215.7,30.83284,149.5712,62.548,107.7408,275.85792
221.8,22.70797,143.9188,62.548,109.2372,293.81248
232.5,27.70789,144.3536,67.486,116.2204,299.15392
224.1,34.37445,131.3096,64.194,116.2204,277.93792
189,43.7493,124.7876,59.256,107.7408,252.14592
182.2,39.79103,125.6572,60.902,108.7384,244.57472
225.9,27.70789,147.3972,63.371,106.2444,277.93792
228.4,22.70797,135.2228,69.132,117.7168,304.54528
247.5,24.79127,138.2664,70.778,123.7024,315.4112
273.8,16.6664,143.0492,74.07,124.7,335.9616
230.6,37.29107,158.2672,70.778,107.7408,315.4944
294,14.79143,165.224,80.654,131.6832,346.24512
274.9,18.95803,163.9196,74.07,118.7144,346.24512
323,15.20809,208.704,78.185,130.6856,356.56192
302.4,13.95811,180.442,83.123,138.6664,361.73696
265.3,31.04117,138.7012,78.185,133.1796,341.10336
301.2,12.4998,170.8764,80.654,142.158,379.57504
360.2,11.45815,173.0504,83.123,149.64,387.44576
306.6,11.45815,170.8764,80.654,145.1508,400.62464
363.1,17.91638,261.3148,87.238,145.1508,433.18912
347.7,19.79135,244.3576,79.831,134.676,387.712
349.4,13.95811,214.3564,82.3,141.1604,406.3488
309.3,17.08306,146.0928,75.716,121.7072,387.712
309.1,11.87481,182.616,79.008,133.1796,382.3872
321.2,12.4998,175.2244,81.477,137.17,385.0496
319,15.83308,184.79,81.477,140.1628,382.3872
313.2,17.08306,180.442,80.654,138.6664,355.9296
276.4,26.24958,161.7456,75.716,129.688,319.488
170.7,70.8322,122.6136,61.725,108.2396,228.4672
150.5,116.03981,149.5712,69.955,119.2132,263.4112
188.2,112.28987,172.6156,72.424,125.1988,301.5168
183,109.16492,166.0936,71.601,125.6976,309.1712
149.5,103.54001,145.2232,62.548,109.2372,225.9712
116.5,126.45631,138.2664,61.725,103.7504,223.4752
117.5,104.78999,106.9608,65.017,108.2396,112.8192
53.5,120.20641,66.0896,58.433,107.7408,80.3712
26.4,131.87289,47.3932,57.61,121.7072,71.2192
20.3,134.78951,44.7844,55.964,125.1988,198.848
19.1,136.03949,45.654,55.964,130.1868,66.56
26.4,138.74778,54.35,57.61,133.1796,66.56
36.9,140.83108,72.1768,59.256,132.182,112.8192
112.3,117.08146,128.7008,63.371,125.1988,218.4832
244.8,61.87401,180.442,73.247,131.1844,335.1296
286.3,29.99952,180.8768,74.07,123.7024,350.7712
285.7,36.66608,179.1376,75.716,133.6784,371.7376
334.6,17.08306,216.0956,79.008,134.1772,409.0112
330.7,16.6664,173.4852,79.008,137.6688,398.3616
309.6,14.16644,176.094,75.716,125.6976,204.8384
332.7,17.91638,177.8332,78.185,139.664,397.696
331.5,11.04149,178.268,79.008,135.6736,215.1552
327.8,12.29147,173.0504,77.362,132.6808,403.6864
267.8,41.04101,160.0064,77.362,135.1748,345.6128
284.1,33.74946,166.5284,77.362,133.6784,361.2544
224.2,51.66584,144.3536,67.486,117.7168,304.1792
302.8,38.54105,176.9636,74.893,131.6832,204.8384
309.9,14.79143,175.6592,78.185,132.6808,383.3856
293.2,15.62475,163.9196,74.07,126.6952,362.0864
195.6,59.58238,137.3968,69.132,112.23,268.4032
190.1,61.45735,126.092,67.486,107.7408,258.2528
149.1,98.74842,126.9616,62.548,109.2372,233.1264
85.6,108.53993,95.656,55.141,103.7504,159.744
46,119.78975,62.1764,50.203,103.7504,109.9904
27.6,115.20649,47.3932,42.796,97.7648,89.1904
25.7,116.45647,53.9152,41.15,97.7648,93.8496
39.4,117.49812,66.5244,42.796,97.7648,112.32
60.3,118.12311,88.6992,47.734,100.7576,154.9184
151.3,98.33176,135.6576,55.964,104.2492,273.5616
199.8,70.62387,155.2236,60.902,106.2444,325.1456
160.2,66.45727,140.4404,52.672,92.7768,273.5616
95.3,70.20721,109.1348,38.681,66.3404,193.6896
94.7,58.54073,86.96,39.504,66.8392,159.744
60.3,76.04045,56.0892,38.681,74.82,107.6608
38.2,83.332,38.6972,35.389,72.8248,80.0384
26.9,81.45703,28.6968,30.451,68.3356,61.9008
21.3,76.87377,25.2184,29.628,67.338,43.7632
18.6,87.70693,30.436,29.628,70.8296,52.7488
9.5,98.95675,32.61,32.097,76.3164,57.2416
17.1,99.58174,38.2624,32.097,76.8152,66.3936
18.7,105.41498,47.3932,34.566,80.3068,66.3936
46.1,107.08162,85.2208,38.681,79.808,86.1952
28.4,109.58158,64.7852,36.212,81.8032,115.1488
18.4,105.41498,53.4804,32.097,78.3116,93.8496
15.4,104.165,49.5672,31.274,75.3188,46.7584
9.6,101.45671,43.48,27.982,68.3356,72.8832
14.8,101.87337,49.1324,28.805,71.3284,86.8608
22.6,103.54001,61.3068,32.097,72.8248,110.3232
40.7,104.78999,79.1336,36.212,77.314,146.0992
216.2,48.33256,153.9192,62.548,110.7336,337.1264
267.8,36.66608,187.8336,66.663,114.724,362.0864
32,109.78991,68.6984,37.035,80.3068,131.7888
274.4,35.83276,179.1376,70.778,112.7288,370.7392
218.9,26.66624,165.224,46.911,71.3284,306.3424
265.4,22.49964,168.7024,65.84,106.2444,352.6016
293.9,24.9996,171.3112,74.893,126.6952,373.2352
259.1,24.9996,163.4848,69.132,110.7336,362.2528
211.3,36.66608,143.9188,63.371,98.7624,306.6752
209.4,36.04109,130.44,69.132,103.7504,283.3792
96.7,77.29043,80.8728,47.734,91.7792,166.8992
86.6,81.2487,76.9596,46.088,92.7768,157.4144
284.6,19.99968,173.4852,77.362,125.1988,367.744
297,21.04133,169.1372,74.893,131.6832,367.5776
326.4,12.91646,172.1808,80.654,137.17,399.36
313.2,12.08314,163.05,75.716,121.7072,362.5856
306.5,18.54137,156.9628,74.07,122.206,349.6064
305.4,16.45807,162.1804,74.07,120.7096,352.1024